Feature_Type;accuracy;F1;AUC;MCC;Kappa;Sensitibity;Specificity;PPV;NPV;Best_Param
mRMR_Features;0.873015873015873;0.8655269152731081;0.8944481382978724;0.6447026034733122;0.630633931843166;0.9627659574468085;0.609375;0.8786407766990292;0.8478260869565217;{'model__neurons': 128, 'optimizer': 'adam'}
RFE_Features;0.8888888888888888;0.885620054057746;0.9150598404255319;0.6951015051879162;0.6908517350157728;0.9521276595744681;0.703125;0.9040404040404041;0.8333333333333334;{'model__neurons': 64, 'optimizer': 'adam'}
GA_Features;0.8134920634920635;0.796671443597817;0.8401761968085105;0.4561144443494989;0.4350314825414997;0.9414893617021277;0.4375;0.8309859154929577;0.717948717948718;{'model__neurons': 16, 'optimizer': 'adam'}
PCA_Features;0.8412698412698413;0.8291848581030339;0.8164893617021277;0.5463247611822579;0.5275590551181102;0.9521276595744681;0.515625;0.8523809523809524;0.7857142857142857;{'model__neurons': 64, 'optimizer': 'adam'}
MFA_Features;0.8095238095238095;0.7966971300304635;0.8125831117021276;0.4520825698260054;0.4395848776871757;0.925531914893617;0.46875;0.8365384615384616;0.6818181818181818;{'model__neurons': 64, 'optimizer': 'adam'}
tSNE_Features;0.7857142857142857;0.7712842712842713;0.8010305851063829;0.38003905743383426;0.3695329873980726;0.9095744680851063;0.421875;0.8221153846153846;0.6136363636363636;{'model__neurons': 32, 'optimizer': 'adam'}
