Feature_Type;accuracy;F1;AUC;MCC;Kappa;Sensitibity;Specificity;PPV;NPV;Best_Param
mRMR_Features;0.8844797178130511;0.8771360212626482;0.9174167241266089;0.6787824986964116;0.661845447840695;0.973404255319149;0.6232638888888888;0.8835836909871244;0.8886138613861386;{'model__neurons': 128, 'optimizer': 'adam'}
RFE_Features;0.9126984126984127;0.9101300424739434;0.9450436695560809;0.7617550741785384;0.7570977917981072;0.9680851063829787;0.75;0.9191919191919192;0.8888888888888888;{'model__neurons': 64, 'optimizer': 'adam'}
GA_Features;0.8478835978835979;0.836225836404774;0.8663820347386393;0.5666416262629279;0.546951537258989;0.956855791962175;0.5277777777777778;0.8561607615018508;0.8063660477453581;{'model__neurons': 16, 'optimizer': 'adam'}
PCA_Features;0.8871252204585538;0.8798442197194511;0.9202240527318098;0.686756567306764;0.6691692307692307;0.9757683215130024;0.6267361111111112;0.8847802786709539;0.8980099502487562;{'model__neurons': 64, 'optimizer': 'adam'}
MFA_Features;0.8315696649029982;0.8203876074497637;0.8552255713159967;0.5190714078814693;0.5050795870521942;0.9397163120567376;0.5138888888888888;0.8502673796791443;0.7437185929648241;{'model__neurons': 64, 'optimizer': 'adam'}
tSNE_Features;0.7993827160493827;0.7851974591585418;0.829722591607565;0.4197513685688135;0.4070986824415166;0.9208037825059102;0.4427083333333333;0.8291644491750931;0.6555269922879178;{'model__neurons': 32, 'optimizer': 'adam'}
